time,x,y,z,heading
0.00,-20.000,1.550,3.000,0.0000
0.30,-19.915,1.559,3.151,0.5149
0.60,-19.829,1.569,3.301,0.5158
0.90,-19.744,1.578,3.451,0.5168
1.20,-19.659,1.588,3.601,0.5179
1.50,-19.574,1.598,3.749,0.5192
1.80,-19.489,1.607,3.897,0.5207
2.10,-19.404,1.617,4.045,0.5223
2.40,-19.320,1.626,4.191,0.5240
2.70,-19.236,1.636,4.336,0.5259
3.00,-19.152,1.646,4.480,0.5279
3.30,-19.068,1.655,4.623,0.5301
3.60,-18.984,1.665,4.765,0.5325
3.90,-18.901,1.675,4.905,0.5350
4.20,-18.818,1.684,5.044,0.5378
4.50,-18.736,1.694,5.181,0.5407
4.80,-18.654,1.704,5.316,0.5438
5.11,-18.573,1.713,5.450,0.5472
5.41,-18.492,1.723,5.582,0.5508
5.71,-18.411,1.733,5.712,0.5546
6.01,-18.331,1.742,5.840,0.5586
6.31,-18.252,1.752,5.966,0.5630
6.61,-18.173,1.762,6.089,0.5676
6.91,-18.095,1.771,6.211,0.5725
7.21,-18.017,1.781,6.330,0.5777
7.51,-17.940,1.790,6.447,0.5832
7.81,-17.864,1.800,6.561,0.5892
8.11,-17.788,1.809,6.673,0.5955
8.41,-17.713,1.819,6.781,0.6022
8.71,-17.639,1.828,6.888,0.6094
9.01,-17.566,1.837,6.991,0.6171
9.31,-17.493,1.846,7.092,0.6253
9.61,-17.421,1.856,7.190,0.6340
9.91,-17.350,1.865,7.284,0.6434
10.21,-17.280,1.874,7.376,0.6535
10.51,-17.211,1.883,7.464,0.6643
10.81,-17.142,1.892,7.550,0.6759
11.11,-17.075,1.901,7.632,0.6884
11.41,-17.008,1.910,7.711,0.7018
11.71,-16.942,1.919,7.786,0.7164
12.01,-16.878,1.927,7.858,0.7321
12.31,-16.814,1.936,7.927,0.7491
12.61,-16.751,1.945,7.992,0.7676
12.91,-16.689,1.953,8.053,0.7877
13.21,-16.628,1.962,8.111,0.8096
13.51,-16.569,1.970,8.166,0.8335
13.81,-16.510,1.978,8.216,0.8597
14.11,-16.452,1.986,8.263,0.8885
14.41,-16.396,1.994,8.306,0.9201
14.71,-16.340,2.002,8.346,0.9549
15.02,-16.285,2.010,8.381,0.9933
15.32,-16.232,2.018,8.413,1.0357
15.62,-16.180,2.026,8.441,1.0826
15.92,-16.128,2.033,8.464,1.1345
16.22,-16.078,2.040,8.484,1.1918
16.52,-16.029,2.048,8.500,1.2549
16.82,-15.981,2.055,8.512,1.3242
17.12,-15.935,2.062,8.521,1.3997
17.42,-15.889,2.069,8.525,1.4814
17.72,-15.844,2.076,8.525,1.5688
18.02,-15.801,2.083,8.521,1.6609
18.32,-15.759,2.089,8.513,1.7565
18.62,-15.718,2.096,8.501,1.8538
18.92,-15.678,2.102,8.485,1.9510
19.22,-15.639,2.108,8.465,2.0463
19.52,-15.601,2.114,8.441,2.1379
19.82,-15.565,2.120,8.413,2.2247
20.12,-15.529,2.126,8.381,2.3057
20.42,-15.495,2.132,8.345,2.3806
20.72,-15.462,2.137,8.305,2.4491
21.02,-15.430,2.143,8.261,2.5115
21.32,-15.399,2.148,8.213,2.5682
21.62,-15.369,2.153,8.161,2.6194
21.92,-15.340,2.158,8.106,2.6657
22.22,-15.313,2.163,8.046,2.7077
22.52,-15.286,2.168,7.983,2.7456
22.82,-15.261,2.172,7.915,2.7800
23.12,-15.236,2.176,7.844,2.8112
23.42,-15.213,2.181,7.770,2.8395
23.72,-15.191,2.185,7.691,2.8654
24.02,-15.170,2.189,7.609,2.8890
24.32,-15.149,2.192,7.523,2.9106
24.62,-15.130,2.196,7.434,2.9304
24.92,-15.112,2.199,7.341,2.9487
25.23,-15.095,2.202,7.245,2.9654
25.53,-15.079,2.205,7.145,2.9809
25.83,-15.064,2.208,7.042,2.9952
26.13,-15.049,2.211,6.935,3.0084
26.43,-15.036,2.214,6.826,3.0207
26.73,-15.024,2.216,6.713,3.0320
27.03,-15.012,2.218,6.596,3.0426
27.33,-15.001,2.220,6.477,3.0524
27.63,-14.992,2.222,6.355,3.0616
27.93,-14.983,2.224,6.230,3.0701
28.23,-14.974,2.226,6.101,3.0781
28.53,-14.967,2.227,5.970,3.0856
28.83,-14.961,2.228,5.837,3.0925
29.13,-14.955,2.229,5.700,3.0990
29.43,-14.950,2.230,5.561,3.1051
29.73,-14.945,2.231,5.420,3.1108
30.03,-14.942,2.231,5.276,3.1161
30.33,-14.939,2.232,5.129,3.1211
30.63,-14.936,2.232,4.980,3.1257
30.93,-14.935,2.232,4.829,3.1300
31.23,-14.933,2.232,4.676,3.1341
31.53,-14.933,2.231,4.521,3.1379
31.83,-14.933,2.231,4.364,3.1414
32.13,-14.933,2.230,4.205,-3.1385
32.43,-14.934,2.229,4.044,-3.1355
32.73,-14.936,2.228,3.882,-3.1326
33.03,-14.938,2.227,3.718,-3.1300
33.33,-14.940,2.226,3.552,-3.1276
33.63,-14.943,2.224,3.385,-3.1254
33.93,-14.946,2.223,3.217,-3.1234
34.23,-14.949,2.221,3.047,-3.1215
34.53,-14.953,2.219,2.876,-3.1199
34.83,-14.957,2.217,2.704,-3.1184
35.14,-14.961,2.214,2.532,-3.1171
35.44,-14.965,2.212,2.358,-3.1159
35.74,-14.970,2.209,2.183,-3.1149
36.04,-14.975,2.207,2.008,-3.1140
36.34,-14.980,2.204,1.833,-3.1133
36.64,-14.985,2.200,1.656,-3.1128
36.94,-14.990,2.197,1.480,-3.1124
37.24,-14.995,2.194,1.303,-3.1121
37.54,-15.001,2.190,1.126,-3.1120
37.84,-15.006,2.187,0.949,-3.1120
38.14,-15.011,2.183,0.772,-3.1122
38.44,-15.016,2.179,0.595,-3.1125
38.74,-15.021,2.175,0.418,-3.1130
39.04,-15.026,2.170,0.241,-3.1136
39.34,-15.031,2.166,0.065,-3.1144
39.64,-15.036,2.161,-0.110,-3.1153
39.94,-15.040,2.157,-0.285,-3.1164
40.24,-15.044,2.152,-0.460,-3.1176
40.54,-15.048,2.147,-0.633,-3.1190
40.84,-15.052,2.142,-0.806,-3.1205
41.14,-15.055,2.137,-0.978,-3.1223
41.44,-15.058,2.131,-1.148,-3.1241
41.74,-15.061,2.126,-1.318,-3.1262
42.04,-15.063,2.120,-1.486,-3.1284
42.34,-15.065,2.115,-1.653,-3.1309
42.64,-15.066,2.109,-1.818,-3.1335
42.94,-15.067,2.103,-1.982,-3.1363
43.24,-15.067,2.097,-2.145,-3.1394
43.54,-15.067,2.091,-2.305,3.1406
43.84,-15.066,2.085,-2.464,3.1371
44.14,-15.065,2.078,-2.621,3.1333
44.44,-15.063,2.072,-2.776,3.1294
44.74,-15.061,2.065,-2.929,3.1251
45.05,-15.057,2.059,-3.080,3.1206
45.35,-15.054,2.052,-3.229,3.1157
45.65,-15.049,2.045,-3.375,3.1106
45.95,-15.044,2.038,-3.519,3.1051
46.25,-15.038,2.032,-3.660,3.0992
46.55,-15.031,2.025,-3.799,3.0930
46.85,-15.024,2.017,-3.936,3.0864
47.15,-15.015,2.010,-4.070,3.0793
47.45,-15.006,2.003,-4.201,3.0717
47.75,-14.996,1.996,-4.329,3.0637
48.05,-14.985,1.989,-4.455,3.0551
48.35,-14.973,1.981,-4.577,3.0459
48.65,-14.961,1.974,-4.697,3.0361
48.95,-14.947,1.966,-4.813,3.0256
49.25,-14.933,1.959,-4.927,3.0144
49.55,-14.917,1.951,-5.037,3.0023
49.85,-14.901,1.944,-5.144,2.9894
50.15,-14.883,1.936,-5.248,2.9755
50.45,-14.865,1.928,-5.348,2.9605
50.75,-14.846,1.921,-5.445,2.9444
51.05,-14.825,1.913,-5.539,2.9270
51.35,-14.804,1.905,-5.629,2.9082
51.65,-14.781,1.897,-5.716,2.8878
51.95,-14.758,1.890,-5.799,2.8658
52.25,-14.733,1.882,-5.879,2.8418
52.55,-14.707,1.874,-5.955,2.8157
52.85,-14.681,1.866,-6.027,2.7873
53.15,-14.653,1.858,-6.096,2.7563
53.45,-14.624,1.851,-6.161,2.7225
53.75,-14.594,1.843,-6.222,2.6855
54.05,-14.562,1.835,-6.280,2.6450
54.35,-14.530,1.827,-6.334,2.6007
54.65,-14.497,1.819,-6.384,2.5522
54.95,-14.462,1.812,-6.430,2.4993
55.26,-14.426,1.804,-6.472,2.4417
55.56,-14.390,1.796,-6.511,2.3791
55.86,-14.352,1.789,-6.546,2.3116
56.16,-14.312,1.781,-6.576,2.2392
56.46,-14.272,1.774,-6.603,2.1622
56.76,-14.231,1.766,-6.627,2.0814
57.06,-14.188,1.759,-6.646,1.9975
57.36,-14.145,1.751,-6.661,1.9117
57.66,-14.100,1.744,-6.673,1.8251
57.96,-14.054,1.736,-6.681,1.7393
58.26,-14.007,1.729,-6.685,1.6553
58.56,-13.959,1.722,-6.685,1.5744
58.86,-13.909,1.715,-6.681,1.4975
59.16,-13.859,1.708,-6.674,1.4250
59.46,-13.807,1.701,-6.663,1.3574
59.76,-13.755,1.694,-6.648,1.2948
60.06,-13.701,1.687,-6.629,1.2371
60.36,-13.646,1.680,-6.607,1.1842
60.66,-13.590,1.674,-6.581,1.1357
60.96,-13.533,1.667,-6.552,1.0914
61.26,-13.476,1.661,-6.518,1.0509
61.56,-13.417,1.654,-6.482,1.0138
61.86,-13.356,1.648,-6.441,0.9800
62.16,-13.295,1.642,-6.398,0.9490
62.46,-13.233,1.635,-6.350,0.9206
62.76,-13.170,1.629,-6.300,0.8946
63.06,-13.106,1.624,-6.246,0.8707
63.36,-13.041,1.618,-6.189,0.8486
63.66,-12.975,1.612,-6.128,0.8283
63.96,-12.909,1.607,-6.064,0.8096
64.26,-12.841,1.601,-5.998,0.7922
64.56,-12.772,1.596,-5.928,0.7762
64.86,-12.703,1.591,-5.855,0.7613
65.17,-12.632,1.586,-5.779,0.7475
65.47,-12.561,1.581,-5.700,0.7347
65.77,-12.489,1.576,-5.618,0.7227
66.07,-12.416,1.571,-5.534,0.7116
66.37,-12.342,1.567,-5.447,0.7012
66.67,-12.268,1.562,-5.357,0.6915
66.97,-12.193,1.558,-5.264,0.6824
67.27,-12.117,1.554,-5.169,0.6740
67.57,-12.041,1.550,-5.072,0.6661
67.87,-11.964,1.546,-4.972,0.6587
68.17,-11.886,1.542,-4.870,0.6518
68.47,-11.807,1.539,-4.766,0.6453
68.77,-11.728,1.535,-4.660,0.6392
69.07,-11.649,1.532,-4.552,0.6335
69.37,-11.569,1.529,-4.441,0.6282
69.67,-11.488,1.526,-4.329,0.6233
69.97,-11.407,1.523,-4.215,0.6187
70.27,-11.325,1.520,-4.100,0.6143
70.57,-11.243,1.518,-3.982,0.6103
70.87,-11.161,1.516,-3.863,0.6065
71.17,-11.078,1.513,-3.743,0.6031
71.47,-10.995,1.511,-3.622,0.5998
71.77,-10.911,1.510,-3.499,0.5968
72.07,-10.827,1.508,-3.375,0.5941
72.37,-10.743,1.506,-3.249,0.5915
72.67,-10.659,1.505,-3.123,0.5892
72.97,-10.574,1.504,-2.996,0.5871
73.27,-10.490,1.503,-2.868,0.5852
73.57,-10.405,1.502,-2.739,0.5835
73.87,-10.320,1.501,-2.610,0.5820
74.17,-10.235,1.501,-2.480,0.5806
74.47,-10.149,1.500,-2.350,0.5795
74.77,-10.064,1.500,-2.219,0.5785
75.08,-9.979,1.500,-2.089,0.5777
75.38,-9.893,1.500,-1.958,0.5771
75.68,-9.808,1.500,-1.826,0.5767
75.98,-9.723,1.501,-1.695,0.5764
76.28,-9.638,1.501,-1.564,0.5763
76.58,-9.553,1.502,-1.434,0.5764
76.88,-9.468,1.503,-1.303,0.5766
77.18,-9.383,1.504,-1.173,0.5770
77.48,-9.299,1.506,-1.043,0.5776
77.78,-9.215,1.507,-0.914,0.5784
78.08,-9.131,1.509,-0.786,0.5794
78.38,-9.047,1.510,-0.659,0.5805
78.68,-8.964,1.512,-0.532,0.5819
78.98,-8.881,1.514,-0.406,0.5834
79.28,-8.798,1.517,-0.281,0.5851
79.58,-8.716,1.519,-0.158,0.5870
79.88,-8.634,1.522,-0.035,0.5891
80.18,-8.552,1.524,0.086,0.5915
80.48,-8.472,1.527,0.206,0.5941
80.78,-8.391,1.530,0.324,0.5969
81.08,-8.311,1.534,0.441,0.5999
81.38,-8.232,1.537,0.556,0.6032
81.68,-8.153,1.540,0.669,0.6068
81.98,-8.075,1.544,0.781,0.6107
82.28,-7.998,1.548,0.890,0.6148
82.58,-7.921,1.552,0.998,0.6193
82.88,-7.845,1.556,1.104,0.6241
83.18,-7.769,1.560,1.208,0.6292
83.48,-7.695,1.564,1.309,0.6347
83.78,-7.621,1.569,1.408,0.6407
84.08,-7.547,1.573,1.505,0.6470
84.38,-7.475,1.578,1.600,0.6538
84.68,-7.403,1.583,1.692,0.6611
84.98,-7.333,1.588,1.781,0.6689
85.29,-7.263,1.593,1.868,0.6773
85.59,-7.193,1.598,1.953,0.6864
85.89,-7.125,1.604,2.034,0.6960
86.19,-7.058,1.609,2.113,0.7064
86.49,-6.992,1.615,2.189,0.7176
86.79,-6.926,1.621,2.263,0.7297
87.09,-6.862,1.627,2.333,0.7427
87.39,-6.798,1.632,2.400,0.7568
87.69,-6.736,1.639,2.464,0.7720
87.99,-6.674,1.645,2.526,0.7884
88.29,-6.613,1.651,2.584,0.8063
88.59,-6.554,1.657,2.638,0.8257
88.89,-6.495,1.664,2.690,0.8468
89.19,-6.438,1.670,2.739,0.8699
89.49,-6.382,1.677,2.784,0.8950
89.79,-6.326,1.684,2.826,0.9226
90.09,-6.272,1.690,2.864,0.9528
90.39,-6.219,1.697,2.900,0.9859
90.69,-6.167,1.704,2.931,1.0224
90.99,-6.116,1.711,2.960,1.0625
91.29,-6.066,1.718,2.985,1.1068
91.59,-6.017,1.726,3.006,1.1555
91.89,-5.970,1.733,3.024,1.2092
92.19,-5.923,1.740,3.039,1.2681
92.49,-5.878,1.747,3.050,1.3326
92.79,-5.833,1.755,3.057,1.4029
93.09,-5.790,1.762,3.061,1.4788
93.39,-5.748,1.770,3.062,1.5602
93.69,-5.708,1.777,3.059,1.6464
93.99,-5.668,1.785,3.052,1.7362
94.29,-5.629,1.793,3.042,1.8285
94.59,-5.592,1.800,3.028,1.9217
94.89,-5.556,1.808,3.011,2.0140
95.20,-5.520,1.816,2.990,2.1039
95.50,-5.486,1.823,2.966,2.1900
95.80,-5.454,1.831,2.938,2.2714
96.10,-5.422,1.839,2.907,2.3475
96.40,-5.391,1.847,2.872,2.4178
96.70,-5.362,1.854,2.834,2.4823
97.00,-5.333,1.862,2.793,2.5413
97.30,-5.306,1.870,2.748,2.5950
97.60,-5.280,1.878,2.700,2.6438
97.90,-5.255,1.886,2.648,2.6881
98.20,-5.230,1.893,2.593,2.7283
98.50,-5.207,1.901,2.535,2.7648
98.80,-5.185,1.909,2.473,2.7980
99.10,-5.165,1.917,2.409,2.8283
99.40,-5.145,1.924,2.341,2.8559
99.70,-5.126,1.932,2.270,2.8811
100.00,-5.108,1.940,2.196,2.9042
100.30,-5.091,1.947,2.119,2.9254
100.60,-5.075,1.955,2.039,2.9449
100.90,-5.060,1.962,1.956,2.9628
101.20,-5.046,1.970,1.871,2.9793
101.50,-5.033,1.977,1.782,2.9946
101.80,-5.021,1.985,1.691,3.0087
102.10,-5.009,1.992,1.597,3.0218
102.40,-4.999,1.999,1.500,3.0339
102.70,-4.989,2.007,1.401,3.0452
103.00,-4.981,2.014,1.299,3.0557
103.30,-4.973,2.021,1.195,3.0655
103.60,-4.965,2.028,1.088,3.0746
103.90,-4.959,2.035,0.979,3.0831
104.20,-4.953,2.042,0.868,3.0910
104.50,-4.949,2.049,0.755,3.0984
104.80,-4.944,2.055,0.640,3.1053
105.11,-4.941,2.062,0.522,3.1117
105.41,-4.938,2.069,0.403,3.1178
105.71,-4.936,2.075,0.282,3.1234
106.01,-4.934,2.081,0.159,3.1286
106.31,-4.933,2.088,0.034,3.1335
106.61,-4.933,2.094,-0.092,3.1381
106.91,-4.933,2.100,-0.220,-3.1408
107.21,-4.933,2.106,-0.349,-3.1368
107.51,-4.935,2.112,-0.480,-3.1331
107.81,-4.936,2.117,-0.612,-3.1297
108.11,-4.938,2.123,-0.745,-3.1265
108.41,-4.941,2.129,-0.879,-3.1236
108.71,-4.943,2.134,-1.015,-3.1209
109.01,-4.947,2.139,-1.151,-3.1185
109.31,-4.950,2.144,-1.288,-3.1162
109.61,-4.954,2.149,-1.426,-3.1142
109.91,-4.958,2.154,-1.564,-3.1123
110.21,-4.962,2.159,-1.703,-3.1107
110.51,-4.967,2.164,-1.843,-3.1092
110.81,-4.971,2.168,-1.982,-3.1080
111.11,-4.976,2.172,-2.123,-3.1069
111.41,-4.981,2.177,-2.263,-3.1060
111.71,-4.986,2.181,-2.403,-3.1053
112.01,-4.991,2.185,-2.544,-3.1047
112.31,-4.997,2.188,-2.684,-3.1044
112.61,-5.002,2.192,-2.824,-3.1042
112.91,-5.007,2.196,-2.964,-3.1042
113.21,-5.012,2.199,-3.104,-3.1044
113.51,-5.018,2.202,-3.243,-3.1047
113.81,-5.023,2.205,-3.381,-3.1053
114.11,-5.027,2.208,-3.519,-3.1060
114.41,-5.032,2.211,-3.656,-3.1069
114.71,-5.037,2.213,-3.792,-3.1081
115.02,-5.041,2.216,-3.927,-3.1094
115.32,-5.045,2.218,-4.061,-3.1109
115.62,-5.049,2.220,-4.195,-3.1127
115.92,-5.053,2.222,-4.326,-3.1146
116.22,-5.056,2.224,-4.457,-3.1168
116.52,-5.059,2.225,-4.586,-3.1192
116.82,-5.061,2.227,-4.714,-3.1219
117.12,-5.063,2.228,-4.840,-3.1249
117.42,-5.065,2.229,-4.964,-3.1281
117.72,-5.066,2.230,-5.087,-3.1316
118.02,-5.067,2.231,-5.208,-3.1355
118.32,-5.067,2.231,-5.327,-3.1396
118.62,-5.067,2.232,-5.444,3.1390
118.92,-5.066,2.232,-5.559,3.1341
119.22,-5.065,2.232,-5.671,3.1288
119.52,-5.063,2.232,-5.782,3.1230
119.82,-5.060,2.231,-5.890,3.1168
120.12,-5.057,2.231,-5.996,3.1100
120.42,-5.053,2.230,-6.099,3.1027
120.72,-5.048,2.230,-6.200,3.0948
121.02,-5.042,2.229,-6.298,3.0861
121.32,-5.036,2.228,-6.393,3.0768
121.62,-5.029,2.226,-6.486,3.0666
121.92,-5.022,2.225,-6.576,3.0555
122.22,-5.013,2.223,-6.662,3.0434
122.52,-5.004,2.221,-6.746,3.0302
122.82,-4.993,2.219,-6.827,3.0158
123.12,-4.982,2.217,-6.905,2.9999
123.42,-4.970,2.215,-6.980,2.9824
123.72,-4.957,2.212,-7.051,2.9631
124.02,-4.944,2.210,-7.119,2.9418
124.32,-4.929,2.207,-7.184,2.9180
124.62,-4.913,2.204,-7.245,2.8916
124.92,-4.896,2.201,-7.303,2.8621
125.23,-4.879,2.198,-7.358,2.8289
125.53,-4.860,2.194,-7.409,2.7916
125.83,-4.841,2.190,-7.457,2.7494
126.13,-4.820,2.187,-7.501,2.7016
126.43,-4.798,2.183,-7.541,2.6473
126.73,-4.775,2.179,-7.578,2.5855
127.03,-4.752,2.174,-7.610,2.5152
127.33,-4.727,2.170,-7.640,2.4353
127.63,-4.701,2.165,-7.665,2.3453
127.93,-4.674,2.161,-7.687,2.2448
128.23,-4.646,2.156,-7.704,2.1344
128.53,-4.616,2.151,-7.718,2.0156
128.83,-4.586,2.145,-7.728,1.8913
129.13,-4.554,2.140,-7.735,1.7651
129.43,-4.522,2.135,-7.737,1.6410
129.73,-4.488,2.129,-7.735,1.5228
130.03,-4.453,2.123,-7.730,1.4130
130.33,-4.417,2.117,-7.720,1.3132
130.63,-4.380,2.111,-7.707,1.2239
130.93,-4.342,2.105,-7.689,1.1447
131.23,-4.303,2.099,-7.668,1.0749
131.53,-4.262,2.093,-7.643,1.0136
131.83,-4.220,2.086,-7.614,0.9596
132.13,-4.177,2.079,-7.581,0.9121
132.43,-4.134,2.073,-7.544,0.8702
132.73,-4.088,2.066,-7.503,0.8330
133.03,-4.042,2.059,-7.458,0.7999
133.33,-3.995,2.051,-7.409,0.7704
133.63,-3.946,2.044,-7.356,0.7440
133.93,-3.897,2.037,-7.300,0.7202
134.23,-3.846,2.029,-7.239,0.6987
134.53,-3.794,2.022,-7.175,0.6793
134.83,-3.741,2.014,-7.107,0.6616
135.14,-3.687,2.006,-7.036,0.6455
135.44,-3.632,1.998,-6.960,0.6308
135.74,-3.576,1.990,-6.881,0.6173
136.04,-3.519,1.982,-6.798,0.6049
136.34,-3.461,1.974,-6.712,0.5934
136.64,-3.402,1.966,-6.622,0.5829
136.94,-3.341,1.957,-6.529,0.5731
137.24,-3.280,1.949,-6.432,0.5641
137.54,-3.218,1.940,-6.331,0.5557
137.84,-3.154,1.932,-6.228,0.5479
138.14,-3.090,1.923,-6.121,0.5406
138.44,-3.025,1.914,-6.010,0.5338
138.74,-2.959,1.905,-5.897,0.5275
139.04,-2.892,1.897,-5.780,0.5216
139.34,-2.824,1.888,-5.660,0.5160
139.64,-2.755,1.879,-5.537,0.5108
139.94,-2.685,1.869,-5.411,0.5060
140.24,-2.614,1.860,-5.283,0.5014
140.54,-2.543,1.851,-5.151,0.4971
140.84,-2.471,1.842,-5.017,0.4931
141.14,-2.398,1.833,-4.879,0.4893
141.44,-2.324,1.823,-4.740,0.4858
141.74,-2.249,1.814,-4.597,0.4824
142.04,-2.174,1.804,-4.453,0.4793
142.34,-2.098,1.795,-4.305,0.4764
142.64,-2.022,1.785,-4.156,0.4736
142.94,-1.944,1.776,-4.004,0.4710
143.24,-1.866,1.766,-3.850,0.4686
143.54,-1.788,1.757,-3.694,0.4663
143.84,-1.709,1.747,-3.536,0.4641
144.14,-1.629,1.738,-3.376,0.4621
144.44,-1.549,1.728,-3.214,0.4602
144.74,-1.468,1.718,-3.050,0.4585
145.05,-1.387,1.709,-2.885,0.4569
145.35,-1.305,1.699,-2.718,0.4553
145.65,-1.223,1.689,-2.550,0.4539
145.95,-1.140,1.680,-2.380,0.4526
146.25,-1.057,1.670,-2.209,0.4514
146.55,-0.974,1.660,-2.037,0.4504
146.85,-0.890,1.651,-1.863,0.4494
147.15,-0.806,1.641,-1.689,0.4485
147.45,-0.722,1.631,-1.514,0.4476
147.75,-0.638,1.622,-1.337,0.4469
148.05,-0.553,1.612,-1.161,0.4463
148.35,-0.468,1.602,-0.983,0.4458
148.65,-0.384,1.593,-0.805,0.4453
148.95,-0.298,1.583,-0.627,0.4449
149.25,-0.213,1.574,-0.448,0.4446
149.55,-0.128,1.564,-0.269,0.4444
149.85,-0.043,1.555,-0.090,0.4443
150.15,0.043,1.545,0.090,0.4443
150.45,0.128,1.536,0.269,0.4443
150.75,0.213,1.527,0.448,0.4444
151.05,0.298,1.517,0.627,0.4446
151.35,0.384,1.508,0.805,0.4449
151.65,0.468,1.499,0.983,0.4453
151.95,0.553,1.490,1.161,0.4458
152.25,0.638,1.480,1.337,0.4463
152.55,0.722,1.471,1.514,0.4469
152.85,0.806,1.462,1.689,0.4476
153.15,0.890,1.453,1.863,0.4485
153.45,0.974,1.444,2.037,0.4494
153.75,1.057,1.436,2.209,0.4504
154.05,1.140,1.427,2.380,0.4514
154.35,1.223,1.418,2.550,0.4526
154.65,1.305,1.410,2.718,0.4539
154.95,1.387,1.401,2.885,0.4553
155.26,1.468,1.392,3.050,0.4569
155.56,1.549,1.384,3.214,0.4585
155.86,1.629,1.376,3.376,0.4602
156.16,1.709,1.367,3.536,0.4621
156.46,1.788,1.359,3.694,0.4641
156.76,1.866,1.351,3.850,0.4663
157.06,1.944,1.343,4.004,0.4686
157.36,2.022,1.335,4.156,0.4710
157.66,2.098,1.327,4.305,0.4736
157.96,2.174,1.319,4.453,0.4764
158.26,2.249,1.312,4.597,0.4793
158.56,2.324,1.304,4.740,0.4824
158.86,2.398,1.297,4.879,0.4858
159.16,2.471,1.289,5.017,0.4893
159.46,2.543,1.282,5.151,0.4931
159.76,2.614,1.275,5.283,0.4971
160.06,2.685,1.268,5.411,0.5014
160.36,2.755,1.261,5.537,0.5060
160.66,2.824,1.254,5.660,0.5108
160.96,2.892,1.247,5.780,0.5160
161.26,2.959,1.240,5.897,0.5216
161.56,3.025,1.234,6.010,0.5275
161.86,3.090,1.227,6.121,0.5338
162.16,3.154,1.221,6.228,0.5406
162.46,3.218,1.214,6.331,0.5479
162.76,3.280,1.208,6.432,0.5557
163.06,3.341,1.202,6.529,0.5641
163.36,3.402,1.196,6.622,0.5731
163.66,3.461,1.190,6.712,0.5829
163.96,3.519,1.184,6.798,0.5934
164.26,3.576,1.179,6.881,0.6049
164.56,3.632,1.173,6.960,0.6173
164.86,3.687,1.168,7.036,0.6308
165.17,3.741,1.162,7.107,0.6455
165.47,3.794,1.157,7.175,0.6616
165.77,3.846,1.152,7.239,0.6793
166.07,3.897,1.147,7.300,0.6987
166.37,3.946,1.142,7.356,0.7202
166.67,3.995,1.137,7.409,0.7440
166.97,4.042,1.133,7.458,0.7704
167.27,4.088,1.128,7.503,0.7999
167.57,4.134,1.124,7.544,0.8330
167.87,4.177,1.119,7.581,0.8702
168.17,4.220,1.115,7.614,0.9121
168.47,4.262,1.111,7.643,0.9596
168.77,4.303,1.107,7.668,1.0136
169.07,4.342,1.103,7.689,1.0749
169.37,4.380,1.100,7.707,1.1447
169.67,4.417,1.096,7.720,1.2239
169.97,4.453,1.092,7.730,1.3132
170.27,4.488,1.089,7.735,1.4130
170.57,4.522,1.086,7.737,1.5228
170.87,4.554,1.083,7.735,1.6410
171.17,4.586,1.080,7.728,1.7651
171.47,4.616,1.077,7.718,1.8913
171.77,4.646,1.074,7.704,2.0156
172.07,4.674,1.071,7.687,2.1344
172.37,4.701,1.068,7.665,2.2448
172.67,4.727,1.066,7.640,2.3453
172.97,4.752,1.063,7.610,2.4353
173.27,4.775,1.061,7.578,2.5152
173.57,4.798,1.059,7.541,2.5855
173.87,4.820,1.057,7.501,2.6473
174.17,4.841,1.055,7.457,2.7016
174.47,4.860,1.053,7.409,2.7494
174.77,4.879,1.051,7.358,2.7916
175.08,4.896,1.050,7.303,2.8289
175.38,4.913,1.048,7.245,2.8621
175.68,4.929,1.047,7.184,2.8916
175.98,4.944,1.045,7.119,2.9180
176.28,4.957,1.044,7.051,2.9418
176.58,4.970,1.043,6.980,2.9631
176.88,4.982,1.042,6.905,2.9824
177.18,4.993,1.041,6.827,2.9999
177.48,5.004,1.040,6.746,3.0158
177.78,5.013,1.039,6.662,3.0302
178.08,5.022,1.039,6.576,3.0434
178.38,5.029,1.038,6.486,3.0555
178.68,5.036,1.038,6.393,3.0666
178.98,5.042,1.037,6.298,3.0768
179.28,5.048,1.037,6.200,3.0861
179.58,5.053,1.037,6.099,3.0948
179.88,5.057,1.037,5.996,3.1027
180.18,5.060,1.036,5.890,3.1100
180.48,5.063,1.037,5.782,3.1168
180.78,5.065,1.037,5.671,3.1230
181.08,5.066,1.037,5.559,3.1288
181.38,5.067,1.037,5.444,3.1341
181.68,5.067,1.038,5.327,3.1390
181.98,5.067,1.038,5.208,-3.1396
182.28,5.066,1.039,5.087,-3.1355
182.58,5.065,1.039,4.964,-3.1316
182.88,5.063,1.040,4.840,-3.1281
183.18,5.061,1.041,4.714,-3.1249
183.48,5.059,1.042,4.586,-3.1219
183.78,5.056,1.042,4.457,-3.1192
184.08,5.053,1.043,4.326,-3.1168
184.38,5.049,1.045,4.195,-3.1146
184.68,5.045,1.046,4.061,-3.1127
184.98,5.041,1.047,3.927,-3.1109
185.29,5.037,1.048,3.792,-3.1094
185.59,5.032,1.049,3.656,-3.1081
185.89,5.027,1.051,3.519,-3.1069
186.19,5.023,1.052,3.381,-3.1060
186.49,5.018,1.054,3.243,-3.1053
186.79,5.012,1.055,3.104,-3.1047
187.09,5.007,1.057,2.964,-3.1044
187.39,5.002,1.059,2.824,-3.1042
187.69,4.997,1.060,2.684,-3.1042
187.99,4.991,1.062,2.544,-3.1044
188.29,4.986,1.064,2.403,-3.1047
188.59,4.981,1.066,2.263,-3.1053
188.89,4.976,1.068,2.123,-3.1060
189.19,4.971,1.070,1.982,-3.1069
189.49,4.967,1.072,1.843,-3.1080
189.79,4.962,1.074,1.703,-3.1092
190.09,4.958,1.076,1.564,-3.1107
190.39,4.954,1.078,1.426,-3.1123
190.69,4.950,1.080,1.288,-3.1142
190.99,4.947,1.083,1.151,-3.1162
191.29,4.943,1.085,1.015,-3.1185
191.59,4.941,1.087,0.879,-3.1209
191.89,4.938,1.089,0.745,-3.1236
192.19,4.936,1.092,0.612,-3.1265
192.49,4.935,1.094,0.480,-3.1297
192.79,4.933,1.097,0.349,-3.1331
193.09,4.933,1.099,0.220,-3.1368
193.39,4.933,1.102,0.092,-3.1408
193.69,4.933,1.104,-0.034,3.1381
193.99,4.934,1.107,-0.159,3.1335
194.29,4.936,1.109,-0.282,3.1286
194.59,4.938,1.112,-0.403,3.1234
194.89,4.941,1.114,-0.522,3.1178
195.20,4.944,1.117,-0.640,3.1117
195.50,4.949,1.120,-0.755,3.1053
195.80,4.953,1.122,-0.868,3.0984
196.10,4.959,1.125,-0.979,3.0910
196.40,4.965,1.128,-1.088,3.0831
196.70,4.973,1.130,-1.195,3.0746
197.00,4.981,1.133,-1.299,3.0655
197.30,4.989,1.136,-1.401,3.0557
197.60,4.999,1.138,-1.500,3.0452
197.90,5.009,1.141,-1.597,3.0339
198.20,5.021,1.144,-1.691,3.0218
198.50,5.033,1.147,-1.782,3.0087
198.80,5.046,1.149,-1.871,2.9946
199.10,5.060,1.152,-1.956,2.9793
199.40,5.075,1.155,-2.039,2.9628
199.70,5.091,1.158,-2.119,2.9449
200.00,5.108,1.160,-2.196,2.9254
200.30,5.126,1.163,-2.270,2.9042
200.60,5.145,1.166,-2.341,2.8811
200.90,5.165,1.168,-2.409,2.8559
201.20,5.185,1.171,-2.473,2.8283
201.50,5.207,1.174,-2.535,2.7980
201.80,5.230,1.177,-2.593,2.7648
202.10,5.255,1.179,-2.648,2.7283
202.40,5.280,1.182,-2.700,2.6881
202.70,5.306,1.185,-2.748,2.6438
203.00,5.333,1.187,-2.793,2.5950
203.30,5.362,1.190,-2.834,2.5413
203.60,5.391,1.193,-2.872,2.4823
203.90,5.422,1.195,-2.907,2.4178
204.20,5.454,1.198,-2.938,2.3475
204.50,5.486,1.200,-2.966,2.2714
204.80,5.520,1.203,-2.990,2.1900
205.11,5.556,1.206,-3.011,2.1039
205.41,5.592,1.208,-3.028,2.0140
205.71,5.629,1.211,-3.042,1.9217
206.01,5.668,1.213,-3.052,1.8285
206.31,5.708,1.216,-3.059,1.7362
206.61,5.748,1.218,-3.062,1.6464
206.91,5.790,1.220,-3.061,1.5602
207.21,5.833,1.223,-3.057,1.4788
207.51,5.878,1.225,-3.050,1.4029
207.81,5.923,1.228,-3.039,1.3326
208.11,5.970,1.230,-3.024,1.2681
208.41,6.017,1.232,-3.006,1.2092
208.71,6.066,1.234,-2.985,1.1555
209.01,6.116,1.237,-2.960,1.1068
209.31,6.167,1.239,-2.931,1.0625
209.61,6.219,1.241,-2.900,1.0224
209.91,6.272,1.243,-2.864,0.9859
210.21,6.326,1.245,-2.826,0.9528
210.51,6.382,1.247,-2.784,0.9226
210.81,6.438,1.249,-2.739,0.8950
211.11,6.495,1.252,-2.690,0.8699
211.41,6.554,1.253,-2.638,0.8468
211.71,6.613,1.255,-2.584,0.8257
212.01,6.674,1.257,-2.526,0.8063
212.31,6.736,1.259,-2.464,0.7884
212.61,6.798,1.261,-2.400,0.7720
212.91,6.862,1.263,-2.333,0.7568
213.21,6.926,1.265,-2.263,0.7427
213.51,6.992,1.266,-2.189,0.7297
213.81,7.058,1.268,-2.113,0.7176
214.11,7.125,1.270,-2.034,0.7064
214.41,7.193,1.271,-1.953,0.6960
214.71,7.263,1.273,-1.868,0.6864
215.02,7.333,1.274,-1.781,0.6773
215.32,7.403,1.276,-1.692,0.6689
215.62,7.475,1.277,-1.600,0.6611
215.92,7.547,1.279,-1.505,0.6538
216.22,7.621,1.280,-1.408,0.6470
216.52,7.695,1.281,-1.309,0.6407
216.82,7.769,1.283,-1.208,0.6347
217.12,7.845,1.284,-1.104,0.6292
217.42,7.921,1.285,-0.998,0.6241
217.72,7.998,1.286,-0.890,0.6193
218.02,8.075,1.287,-0.781,0.6148
218.32,8.153,1.288,-0.669,0.6107
218.62,8.232,1.289,-0.556,0.6068
218.92,8.311,1.290,-0.441,0.6032
219.22,8.391,1.291,-0.324,0.5999
219.52,8.472,1.292,-0.206,0.5969
219.82,8.552,1.293,-0.086,0.5941
220.12,8.634,1.294,0.035,0.5915
220.42,8.716,1.295,0.158,0.5891
220.72,8.798,1.295,0.281,0.5870
221.02,8.881,1.296,0.406,0.5851
221.32,8.964,1.296,0.532,0.5834
221.62,9.047,1.297,0.659,0.5819
221.92,9.131,1.298,0.786,0.5805
222.22,9.215,1.298,0.914,0.5794
222.52,9.299,1.298,1.043,0.5784
222.82,9.383,1.299,1.173,0.5776
223.12,9.468,1.299,1.303,0.5770
223.42,9.553,1.299,1.434,0.5766
223.72,9.638,1.300,1.564,0.5764
224.02,9.723,1.300,1.695,0.5763
224.32,9.808,1.300,1.826,0.5764
224.62,9.893,1.300,1.958,0.5767
224.92,9.979,1.300,2.089,0.5771
225.23,10.064,1.300,2.219,0.5777
225.53,10.149,1.300,2.350,0.5785
225.83,10.235,1.300,2.480,0.5795
226.13,10.320,1.300,2.610,0.5806
226.43,10.405,1.299,2.739,0.5820
226.73,10.490,1.299,2.868,0.5835
227.03,10.574,1.299,2.996,0.5852
227.33,10.659,1.299,3.123,0.5871
227.63,10.743,1.298,3.249,0.5892
227.93,10.827,1.298,3.375,0.5915
228.23,10.911,1.297,3.499,0.5941
228.53,10.995,1.297,3.622,0.5968
228.83,11.078,1.296,3.743,0.5998
229.13,11.161,1.296,3.863,0.6031
229.43,11.243,1.295,3.982,0.6065
229.73,11.325,1.294,4.100,0.6103
230.03,11.407,1.293,4.215,0.6143
230.33,11.488,1.293,4.329,0.6187
230.63,11.569,1.292,4.441,0.6233
230.93,11.649,1.291,4.552,0.6282
231.23,11.728,1.290,4.660,0.6335
231.53,11.807,1.289,4.766,0.6392
231.83,11.886,1.288,4.870,0.6453
232.13,11.964,1.287,4.972,0.6518
232.43,12.041,1.286,5.072,0.6587
232.73,12.117,1.284,5.169,0.6661
233.03,12.193,1.283,5.264,0.6740
233.33,12.268,1.282,5.357,0.6824
233.63,12.342,1.281,5.447,0.6915
233.93,12.416,1.279,5.534,0.7012
234.23,12.489,1.278,5.618,0.7116
234.53,12.561,1.277,5.700,0.7227
234.83,12.632,1.275,5.779,0.7347
235.14,12.703,1.274,5.855,0.7475
235.44,12.772,1.272,5.928,0.7613
235.74,12.841,1.270,5.998,0.7762
236.04,12.909,1.269,6.064,0.7922
236.34,12.975,1.267,6.128,0.8096
236.64,13.041,1.265,6.189,0.8283
236.94,13.106,1.264,6.246,0.8486
237.24,13.170,1.262,6.300,0.8707
237.54,13.233,1.260,6.350,0.8946
237.84,13.295,1.258,6.398,0.9206
238.14,13.356,1.256,6.441,0.9490
238.44,13.417,1.254,6.482,0.9800
238.74,13.476,1.253,6.518,1.0138
239.04,13.533,1.251,6.552,1.0509
239.34,13.590,1.248,6.581,1.0914
239.64,13.646,1.246,6.607,1.1357
239.94,13.701,1.244,6.629,1.1842
240.24,13.755,1.242,6.648,1.2371
240.54,13.807,1.240,6.663,1.2948
240.84,13.859,1.238,6.674,1.3574
241.14,13.909,1.236,6.681,1.4250
241.44,13.959,1.233,6.685,1.4975
241.74,14.007,1.231,6.685,1.5744
242.04,14.054,1.229,6.681,1.6553
242.34,14.100,1.226,6.673,1.7393
242.64,14.145,1.224,6.661,1.8251
242.94,14.188,1.222,6.646,1.9117
243.24,14.231,1.219,6.627,1.9975
243.54,14.272,1.217,6.603,2.0814
243.84,14.312,1.214,6.576,2.1622
244.14,14.352,1.212,6.546,2.2392
244.44,14.390,1.209,6.511,2.3116
244.74,14.426,1.207,6.472,2.3791
245.05,14.462,1.204,6.430,2.4417
245.35,14.497,1.202,6.384,2.4993
245.65,14.530,1.199,6.334,2.5522
245.95,14.562,1.197,6.280,2.6007
246.25,14.594,1.194,6.222,2.6450
246.55,14.624,1.191,6.161,2.6855
246.85,14.653,1.189,6.096,2.7225
247.15,14.681,1.186,6.027,2.7563
247.45,14.707,1.183,5.955,2.7873
247.75,14.733,1.181,5.879,2.8157
248.05,14.758,1.178,5.799,2.8418
248.35,14.781,1.175,5.716,2.8658
248.65,14.804,1.173,5.629,2.8878
248.95,14.825,1.170,5.539,2.9082
249.25,14.846,1.167,5.445,2.9270
249.55,14.865,1.164,5.348,2.9444
249.85,14.883,1.162,5.248,2.9605
250.15,14.901,1.159,5.144,2.9755
250.45,14.917,1.156,5.037,2.9894
250.75,14.933,1.153,4.927,3.0023
251.05,14.947,1.151,4.813,3.0144
251.35,14.961,1.148,4.697,3.0256
251.65,14.973,1.145,4.577,3.0361
251.95,14.985,1.142,4.455,3.0459
252.25,14.996,1.140,4.329,3.0551
252.55,15.006,1.137,4.201,3.0637
252.85,15.015,1.134,4.070,3.0717
253.15,15.024,1.132,3.936,3.0793
253.45,15.031,1.129,3.799,3.0864
253.75,15.038,1.126,3.660,3.0930
254.05,15.044,1.124,3.519,3.0992
254.35,15.049,1.121,3.375,3.1051
254.65,15.054,1.118,3.229,3.1106
254.95,15.057,1.116,3.080,3.1157
255.26,15.061,1.113,2.929,3.1206
255.56,15.063,1.110,2.776,3.1251
255.86,15.065,1.108,2.621,3.1294
256.16,15.066,1.105,2.464,3.1333
256.46,15.067,1.103,2.305,3.1371
256.76,15.067,1.100,2.145,3.1406
257.06,15.067,1.098,1.982,-3.1394
257.36,15.066,1.095,1.818,-3.1363
257.66,15.065,1.093,1.653,-3.1335
257.96,15.063,1.091,1.486,-3.1309
258.26,15.061,1.088,1.318,-3.1284
258.56,15.058,1.086,1.148,-3.1262
258.86,15.055,1.084,0.978,-3.1241
259.16,15.052,1.081,0.806,-3.1223
259.46,15.048,1.079,0.633,-3.1205
259.76,15.044,1.077,0.460,-3.1190
260.06,15.040,1.075,0.285,-3.1176
260.36,15.036,1.073,0.110,-3.1164
260.66,15.031,1.071,-0.065,-3.1153
260.96,15.026,1.069,-0.241,-3.1144
261.26,15.021,1.067,-0.418,-3.1136
261.56,15.016,1.065,-0.595,-3.1130
261.86,15.011,1.063,-0.772,-3.1125
262.16,15.006,1.061,-0.949,-3.1122
262.46,15.001,1.060,-1.126,-3.1120
262.76,14.995,1.058,-1.303,-3.1120
263.06,14.990,1.056,-1.480,-3.1121
263.36,14.985,1.055,-1.656,-3.1124
263.66,14.980,1.053,-1.833,-3.1128
263.96,14.975,1.052,-2.008,-3.1133
264.26,14.970,1.050,-2.183,-3.1140
264.56,14.965,1.049,-2.358,-3.1149
264.86,14.961,1.047,-2.532,-3.1159
265.17,14.957,1.046,-2.704,-3.1171
265.47,14.953,1.045,-2.876,-3.1184
265.77,14.949,1.044,-3.047,-3.1199
266.07,14.946,1.043,-3.217,-3.1215
266.37,14.943,1.042,-3.385,-3.1234
266.67,14.940,1.041,-3.552,-3.1254
266.97,14.938,1.040,-3.718,-3.1276
267.27,14.936,1.040,-3.882,-3.1300
267.57,14.934,1.039,-4.044,-3.1326
267.87,14.933,1.038,-4.205,-3.1355
268.17,14.933,1.038,-4.364,-3.1385
268.47,14.933,1.037,-4.521,3.1414
268.77,14.933,1.037,-4.676,3.1379
269.07,14.935,1.037,-4.829,3.1341
269.37,14.936,1.037,-4.980,3.1300
269.67,14.939,1.036,-5.129,3.1257
269.97,14.942,1.036,-5.276,3.1211
270.27,14.945,1.037,-5.420,3.1161
270.57,14.950,1.037,-5.561,3.1108
270.87,14.955,1.037,-5.700,3.1051
271.17,14.961,1.037,-5.837,3.0990
271.47,14.967,1.038,-5.970,3.0925
271.77,14.974,1.038,-6.101,3.0856
272.07,14.983,1.039,-6.230,3.0781
272.37,14.992,1.040,-6.355,3.0701
272.67,15.001,1.040,-6.477,3.0616
272.97,15.012,1.041,-6.596,3.0524
273.27,15.024,1.042,-6.713,3.0426
273.57,15.036,1.043,-6.826,3.0320
273.87,15.049,1.045,-6.935,3.0207
274.17,15.064,1.046,-7.042,3.0084
274.47,15.079,1.047,-7.145,2.9952
274.77,15.095,1.049,-7.245,2.9809
275.08,15.112,1.050,-7.341,2.9654
275.38,15.130,1.052,-7.434,2.9487
275.68,15.149,1.054,-7.523,2.9304
275.98,15.170,1.056,-7.609,2.9106
276.28,15.191,1.058,-7.691,2.8890
276.58,15.213,1.060,-7.770,2.8654
276.88,15.236,1.062,-7.844,2.8395
277.18,15.261,1.065,-7.915,2.8112
277.48,15.286,1.067,-7.983,2.7800
277.78,15.313,1.070,-8.046,2.7456
278.08,15.340,1.072,-8.106,2.7077
278.38,15.369,1.075,-8.161,2.6657
278.68,15.399,1.078,-8.213,2.6194
278.98,15.430,1.081,-8.261,2.5682
279.28,15.462,1.084,-8.305,2.5115
279.58,15.495,1.087,-8.345,2.4491
279.88,15.529,1.091,-8.381,2.3806
280.18,15.565,1.094,-8.413,2.3057
280.48,15.601,1.098,-8.441,2.2247
280.78,15.639,1.101,-8.465,2.1379
281.08,15.678,1.105,-8.485,2.0463
281.38,15.718,1.109,-8.501,1.9510
281.68,15.759,1.113,-8.513,1.8538
281.98,15.801,1.117,-8.521,1.7565
282.28,15.844,1.122,-8.525,1.6609
282.58,15.889,1.126,-8.525,1.5688
282.88,15.935,1.130,-8.521,1.4814
283.18,15.981,1.135,-8.512,1.3997
283.48,16.029,1.140,-8.500,1.3242
283.78,16.078,1.145,-8.484,1.2549
284.08,16.128,1.150,-8.464,1.1918
284.38,16.180,1.155,-8.441,1.1345
284.68,16.232,1.160,-8.413,1.0826
284.98,16.285,1.165,-8.381,1.0357
285.29,16.340,1.170,-8.346,0.9933
285.59,16.396,1.176,-8.306,0.9549
285.89,16.452,1.182,-8.263,0.9201
286.19,16.510,1.187,-8.216,0.8885
286.49,16.569,1.193,-8.166,0.8597
286.79,16.628,1.199,-8.111,0.8335
287.09,16.689,1.205,-8.053,0.8096
287.39,16.751,1.211,-7.992,0.7877
287.69,16.814,1.217,-7.927,0.7676
287.99,16.878,1.224,-7.858,0.7491
288.29,16.942,1.230,-7.786,0.7321
288.59,17.008,1.237,-7.711,0.7164
288.89,17.075,1.243,-7.632,0.7018
289.19,17.142,1.250,-7.550,0.6884
289.49,17.211,1.257,-7.464,0.6759
289.79,17.280,1.264,-7.376,0.6643
290.09,17.350,1.271,-7.284,0.6535
290.39,17.421,1.278,-7.190,0.6434
290.69,17.493,1.286,-7.092,0.6340
290.99,17.566,1.293,-6.991,0.6253
291.29,17.639,1.300,-6.888,0.6171
291.59,17.713,1.308,-6.781,0.6094
291.89,17.788,1.316,-6.673,0.6022
292.19,17.864,1.323,-6.561,0.5955
292.49,17.940,1.331,-6.447,0.5892
292.79,18.017,1.339,-6.330,0.5832
293.09,18.095,1.347,-6.211,0.5777
293.39,18.173,1.355,-6.089,0.5725
293.69,18.252,1.363,-5.966,0.5676
293.99,18.331,1.372,-5.840,0.5630
294.29,18.411,1.380,-5.712,0.5586
294.59,18.492,1.388,-5.582,0.5546
294.89,18.573,1.397,-5.450,0.5508
295.20,18.654,1.405,-5.316,0.5472
295.50,18.736,1.414,-5.181,0.5438
295.80,18.818,1.422,-5.044,0.5407
296.10,18.901,1.431,-4.905,0.5378
296.40,18.984,1.440,-4.765,0.5350
296.70,19.068,1.449,-4.623,0.5325
297.00,19.152,1.458,-4.480,0.5301
297.30,19.236,1.467,-4.336,0.5279
297.60,19.320,1.476,-4.191,0.5259
297.90,19.404,1.485,-4.045,0.5240
298.20,19.489,1.494,-3.897,0.5223
298.50,19.574,1.503,-3.749,0.5207
298.80,19.659,1.513,-3.601,0.5192
299.10,19.744,1.522,-3.451,0.5179
299.40,19.829,1.531,-3.301,0.5168
299.70,19.915,1.541,-3.151,0.5158
300.00,20.000,1.550,-3.000,0.5149